{
  "GlueJobRole": "data-pipelines-role",
  "scriptLocation": "s3://uexpertly-data-pipelines-prod/practicecalls_historical/scripts/uexpertly_practice_call_historical_script.py",
  "secret_name": "uexpertly-postgres-secret-key",
  "aws_region": "us-east-1",
  "source_table": "public.mockrecord",
  "destination_bucket": "s3://uexpertly-data-lake-prod/practicecalls/",
  "postgres_host": "mock-speak-postgres.crezexdn3qor.us-east-1.rds.amazonaws.com",
  "postgres_port": "5432",
  "postgres_db": "postgres",
  "GlueCrawlerRole": "data-pipelines-role",
  "CrawlerStorage": "s3://uexpertly-data-lake-prod/practicecalls/"
}