{
    "jobName": "uexpertly_practice_calls_incremental_glue_job",
    "jobRole": "arn:aws:iam::840799296958:role/data-pipelines-role",
    "scriptLocation": "s3://uexpertly-data-pipelines-prod/practicecalls_incremental/scripts/uexpertly_practice_call_incremental_script.py",
    "secret_name": "uexpertly-postgres-secret-key",
    "aws_region": "us-east-1",
    "destination_bucket": "s3a://uexpertly-data-lake-prod/practicecalls/",
    "metadata_file_path": "s3a://uexpertly-data-lake-prod/practicecalls/metadata/last_processed_timestamp.json",
    "source_table": "public.mockrecord",
    "bucket_name": "uexpertly-data-lake-prod",
    "metadata_key": "practicecalls/metadata/last_processed_timestamp.json",
    "postgres_host": "mock-speak-postgres.crezexdn3qor.us-east-1.rds.amazonaws.com",
    "postgres_db": "postgres",
    "postgres_port": "5432",
    "maxCapacity": 10,
    "glueVersion": "5.0"
}