{
  "Comment": "A Step Function to create, start, and check the status of an AWS Glue Job, followed by a Glue Crawler",
  "StartAt": "CreateGlueJob",
  "States": {
    "CreateGlueJob": {
      "Type": "Task",
      "Resource": "arn:aws:states:::aws-sdk:glue:createJob",
      "Parameters": {
        "Name": "uexpertly_practice_call_historical_glue_job",
        "Role.$": "$.GlueJobRole",
        "Command": {
          "Name": "glueetl",
          "ScriptLocation.$": "$.scriptLocation",
          "PythonVersion": "3"
        },
        "GlueVersion": "5.0",
        "WorkerType": "G.1X",
        "NumberOfWorkers": 10,
        "MaxRetries": 0,
        "Timeout": 480,
        "DefaultArguments": {
          "--job-bookmark-option": "disable",
          "--enable-metrics": "true",
          "--enable-continuous-cloudwatch-log": "true",
          "--datalake-formats": "hudi",
          "--additional-python-modules": "boto3, pandas",
          "--secret_name.$": "$.secret_name",
          "--aws_region.$": "$.aws_region",
          "--destination_bucket.$": "$.destination_bucket",
          "--source_table.$": "$.source_table",
          "--postgres_host.$": "$.postgres_host",
          "--postgres_port.$": "$.postgres_port",
          "--postgres_db.$": "$.postgres_db",
          "--enable-glue-datacatalog": "true"
        },
        "ExecutionProperty": {
          "MaxConcurrentRuns": 1
        },
        "Tags": {
          "Project": "Datalakehouse"
        }
      },
      "ResultPath": "$.CreateJobResult",
      "Next": "StartGlueJob"
    },
    "StartGlueJob": {
      "Type": "Task",
      "Resource": "arn:aws:states:::aws-sdk:glue:startJobRun",
      "Parameters": {
        "JobName": "uexpertly_practice_call_historical_glue_job"
      },
      "ResultPath": "$.JobRunId",
      "Next": "WaitBeforeCheckStatus"
    },
    "WaitBeforeCheckStatus": {
      "Type": "Wait",
      "Seconds": 200,
      "Next": "CheckGlueJobStatus"
    },
    "CheckGlueJobStatus": {
      "Type": "Task",
      "Resource": "arn:aws:states:::aws-sdk:glue:getJobRun",
      "Parameters": {
        "JobName": "uexpertly_practice_call_historical_glue_job",
        "RunId.$": "$.JobRunId.JobRunId"
      },
      "Retry": [
        {
          "ErrorEquals": [
            "Glue.EntityNotFoundException",
            "States.TaskFailed"
          ],
          "IntervalSeconds": 50,
          "MaxAttempts": 3,
          "BackoffRate": 2
        }
      ],
      "ResultPath": "$.JobRun",
      "Next": "CreateGlueCrawler"
    },
    "CreateGlueCrawler": {
      "Type": "Task",
      "Resource": "arn:aws:states:::aws-sdk:glue:createCrawler",
      "Parameters": {
        "Name": "practice_calls_data_lake_crawler",
        "Role.$": "$.GlueCrawlerRole",
        "DatabaseName": "uexpertly",
        "Targets": {
          "S3Targets": [
            {
              "Path.$": "$.CrawlerStorage"
            }
          ]
        },
        "SchemaChangePolicy": {
          "UpdateBehavior": "UPDATE_IN_DATABASE",
          "DeleteBehavior": "DEPRECATE_IN_DATABASE"
        }
      },
      "ResultPath": "$.CrawlerCreation",
      "Next": "StartGlueCrawler"
    },
    "StartGlueCrawler": {
      "Type": "Task",
      "Resource": "arn:aws:states:::aws-sdk:glue:startCrawler",
      "Parameters": {
        "Name": "practice_calls_data_lake_crawler"
      },
      "ResultPath": "$.CrawlerStatus",
      "End": true
    }
  }
}