{
  "jobName": "uexpertly_user_identity_historical_glue_job",
  "jobRole": "arn:aws:iam::840799296958:role/data-pipelines-role",
  "scriptLocation": "s3://uexpertly-data-pipelines-prod/user_identity_historical/scripts/uexpertly_user_identity_historical_script.py",
  "arguments": {
    "--secret_name": "uexpertly-postgres-secret-key",
    "--aws_region": "us-east-1",
    "--source_table": "user_identity",
    "--destination_bucket": "s3a://uexpertly-data-lake-prod/user_identity/",
    "--bucket_name": "uexpertly-data-lake-prod",
    "--postgres_host": "mock-speak-postgres.crezexdn3qor.us-east-1.rds.amazonaws.com",
    "--postgres_db": "postgres",
    "--postgres_port": "5432"
  },
  "glueVersion": "5.0"
}




