{
  "Comment": "Create and Start Glue Job for resources_incremental if not already existing.",
  "StartAt": "Check Glue Job",
  "States": {
    "Check Glue Job": {
      "Type": "Task",
      "Resource": "arn:aws:states:::aws-sdk:glue:getJob",
      "Parameters": {
        "JobName.$": "$.jobName"  
      },
      "ResultPath": "$.CheckJobResult",
      "Catch": [
        {
          "ErrorEquals": ["Glue.EntityNotFoundException"],
          "Next": "Create Glue Job",
          "ResultPath": "$.ErrorInfo"
        }
      ],
      "Next": "Start Glue Job"
    },
    "Create Glue Job": {
      "Type": "Task",
      "Resource": "arn:aws:states:::aws-sdk:glue:createJob",
      "Parameters": {
        "Name.$": "$.jobName", 
        "Role.$": "$.jobRole",
        "Command": {
          "Name": "glueetl",
          "ScriptLocation.$": "$.scriptLocation"
        },
        "DefaultArguments": {
          "--secret_name.$": "$.secret_name",
          "--aws_region.$": "$.aws_region",
          "--destination_bucket.$": "$.destination_bucket",
          "--source_table.$": "$.source_table",
          "--bucket_name.$": "$.bucket_name",
          "--postgres_host.$": "$.postgres_host",
          "--postgres_db.$": "$.postgres_db",
          "--postgres_port.$": "$.postgres_port",
          "--metadata_file_path.$": "$.metadata_file_path",
          "--metadata_key.$": "$.metadata_key"
        },
        "MaxCapacity": 2,
        "GlueVersion": "3.0"
      },
      "ResultPath": "$.CreateJobResult",
      "Next": "Start Glue Job"
    },
    "Start Glue Job": {
      "Type": "Task",
      "Resource": "arn:aws:states:::aws-sdk:glue:startJobRun",
      "Parameters": {
        "JobName.$": "$.jobName", 
        "Arguments": {
          "--secret_name.$": "$.secret_name",
          "--aws_region.$": "$.aws_region",
          "--destination_bucket.$": "$.destination_bucket",
          "--source_table.$": "$.source_table",
          "--bucket_name.$": "$.bucket_name",
          "--postgres_host.$": "$.postgres_host",
          "--postgres_db.$": "$.postgres_db",
          "--postgres_port.$": "$.postgres_port",
          "--metadata_file_path.$": "$.metadata_file_path",
          "--metadata_key.$": "$.metadata_key"
        }
      },
      "ResultPath": "$.runResult",
      "Next": "Wait Before Check"
    },
    "Wait Before Check": {
      "Type": "Wait",
      "Seconds": 30,
      "Next": "Check Job Status"
    },
    "Check Job Status": {
      "Type": "Task",
      "Resource": "arn:aws:states:::aws-sdk:glue:getJobRun",
      "Parameters": {
        "JobName.$": "$.jobName", 
        "RunId.$": "$.runResult.JobRunId"
      },
      "ResultPath": "$.jobStatus",
      "Next": "Evaluate Job Status"
    },
    "Evaluate Job Status": {
      "Type": "Choice",
      "Choices": [
        {
          "Variable": "$.jobStatus.JobRun.JobRunState",
          "StringEquals": "SUCCEEDED",
          "Next": "Job Succeeded"
        },
        {
          "Variable": "$.jobStatus.JobRun.JobRunState",
          "StringEquals": "FAILED",
          "Next": "Job Failed"
        }
      ],
      "Default": "Wait Before Check"
    },
    "Job Succeeded": {
      "Type": "Succeed"
    },
    "Job Failed": {
      "Type": "Fail",
      "Error": "GlueJobFailed",
      "Cause": "The Glue job has failed."
    }
  }
}
