{
    "secret_name": "uexpertly-postgres-secret-key",
    "jobName": "uexpertly_resources_historical_glue_job",
    "jobRole": "arn:aws:iam::840799296958:role/data-pipelines-role",
    "aws_region": "us-east-1",
    "scriptLocation": "s3://uexpertly-data-pipelines-prod/resources_historical/script/uexpertly_resource_historical_script.py",
    "destination_bucket": "s3a://uexpertly-data-lake-prod/resources/",
    "source_table": "resources",
    "bucket_name": "uexpertly-data-lake-prod",
    "postgres_host": "mock-speak-postgres.crezexdn3qor.us-east-1.rds.amazonaws.com",
    "postgres_db": "postgres",
    "postgres_port": "5432",
    "metadata_file_path": "s3://uexpertly-data-lake-prod/resources/metadata/last_processed_timestamp.json",
    "metadata_key": "resources/metadata/last_processed_timestamp.json"
}