{
  "Comment": "Step Function for incremental KPI pipeline with Glue job and sequential crawler setup (extended for resources & voicecalls)",
  "StartAt": "CheckGlueDatabase",
  "States": {
    "CheckGlueDatabase": {
      "Type": "Task",
      "Resource": "arn:aws:states:::aws-sdk:glue:getDatabase",
      "Parameters": {
        "Name": "user_profile_metrics_incremental"
      },
      "Next": "CheckPracticecallsCrawler",
      "Catch": [
        {
          "ErrorEquals": [
            "Glue.EntityNotFoundException"
          ],
          "Next": "CreateGlueDatabase"
        }
      ],
      "ResultPath": "$.CheckGlueDatabaseResult"
    },
    "CreateGlueDatabase": {
      "Type": "Task",
      "Resource": "arn:aws:states:::aws-sdk:glue:createDatabase",
      "Parameters": {
        "DatabaseInput": {
          "Name": "user_profile_metrics_incremental"
        }
      },
      "Next": "CheckPracticecallsCrawler",
      "ResultPath": "$.CreateGlueDatabaseResult"
    },
    "CheckPracticecallsCrawler": {
      "Type": "Task",
      "Resource": "arn:aws:states:::aws-sdk:glue:getCrawler",
      "Parameters": {
        "Name": "practicecalls-incremental-crawler"
      },
      "Next": "CheckSubmissionsCrawler",
      "Catch": [
        {
          "ErrorEquals": [
            "Glue.EntityNotFoundException"
          ],
          "ResultPath": "$.error",
          "Next": "RestoreParamsForPracticecallsCrawler"
        }
      ],
      "ResultPath": "$.CheckPracticecallsCrawlerResult"
    },
    "RestoreParamsForPracticecallsCrawler": {
      "Type": "Pass",
      "Parameters": {
        "params.$": "$$.Execution.Input.params"
      },
      "ResultPath": "$",
      "Next": "CreatePracticecallsCrawler"
    },
    "CreatePracticecallsCrawler": {
      "Type": "Task",
      "Resource": "arn:aws:states:::aws-sdk:glue:createCrawler",
      "Parameters": {
        "Name": "practicecalls-incremental-crawler",
        "Role.$": "$.params.GlueJobRole",
        "DatabaseName": "user_profile_metrics_incremental",
        "Targets": {
          "S3Targets": [
            {
              "Path.$": "$.params.practicecalls_s3",
              "Exclusions": [
                "metadata/*"
              ]
            }
          ]
        },
        "SchemaChangePolicy": {
          "UpdateBehavior": "LOG",
          "DeleteBehavior": "LOG"
        }
      },
      "Next": "CheckSubmissionsCrawler",
      "ResultPath": "$.CreatePracticecallsCrawlerResult"
    },
    "CheckSubmissionsCrawler": {
      "Type": "Task",
      "Resource": "arn:aws:states:::aws-sdk:glue:getCrawler",
      "Parameters": {
        "Name": "submissions-incremental-crawler"
      },
      "Next": "CheckResourcesCrawler",
      "Catch": [
        {
          "ErrorEquals": [
            "Glue.EntityNotFoundException"
          ],
          "ResultPath": "$.error",
          "Next": "CreateSubmissionsCrawler"
        }
      ],
      "ResultPath": "$.CheckSubmissionsCrawlerResult"
    },
    "CreateSubmissionsCrawler": {
      "Type": "Task",
      "Resource": "arn:aws:states:::aws-sdk:glue:createCrawler",
      "Parameters": {
        "Name": "submissions-incremental-crawler",
        "Role.$": "$.params.GlueJobRole",
        "DatabaseName": "user_profile_metrics_incremental",
        "Targets": {
          "S3Targets": [
            {
              "Path.$": "$.params.submissions_s3",
              "Exclusions": [
                "metadata/*",
                "future_data/*"
              ]
            }
          ]
        },
        "SchemaChangePolicy": {
          "UpdateBehavior": "LOG",
          "DeleteBehavior": "LOG"
        }
      },
      "Next": "CheckResourcesCrawler",
      "ResultPath": "$.CreateSubmissionsCrawlerResult"
    },
    "CheckResourcesCrawler": {
      "Type": "Task",
      "Resource": "arn:aws:states:::aws-sdk:glue:getCrawler",
      "Parameters": {
        "Name": "resources-incremental-crawler"
      },
      "Next": "CheckVoicecallsCrawler",
      "Catch": [
        {
          "ErrorEquals": [
            "Glue.EntityNotFoundException"
          ],
          "ResultPath": "$.error",
          "Next": "CreateResourcesCrawler"
        }
      ],
      "ResultPath": "$.CheckResourcesCrawlerResult"
    },
    "CreateResourcesCrawler": {
      "Type": "Task",
      "Resource": "arn:aws:states:::aws-sdk:glue:createCrawler",
      "Parameters": {
        "Name": "resources-incremental-crawler",
        "Role.$": "$.params.GlueJobRole",
        "DatabaseName": "user_profile_metrics_incremental",
        "Targets": {
          "S3Targets": [
            {
              "Path.$": "$.params.resources_s3",
              "Exclusions": [
                "metadata/*"
              ]
            }
          ]
        },
        "SchemaChangePolicy": {
          "UpdateBehavior": "LOG",
          "DeleteBehavior": "LOG"
        }
      },
      "Next": "CheckVoicecallsCrawler",
      "ResultPath": "$.CreateResourcesCrawlerResult"
    },
    "CheckVoicecallsCrawler": {
      "Type": "Task",
      "Resource": "arn:aws:states:::aws-sdk:glue:getCrawler",
      "Parameters": {
        "Name": "voicecalls-incremental-crawler"
      },
      "Next": "StartPracticecallsCrawler",
      "Catch": [
        {
          "ErrorEquals": [
            "Glue.EntityNotFoundException"
          ],
          "ResultPath": "$.error",
          "Next": "CreateVoicecallsCrawler"
        }
      ],
      "ResultPath": "$.CheckVoicecallsCrawlerResult"
    },
    "CreateVoicecallsCrawler": {
      "Type": "Task",
      "Resource": "arn:aws:states:::aws-sdk:glue:createCrawler",
      "Parameters": {
        "Name": "voicecalls-incremental-crawler",
        "Role.$": "$.params.GlueJobRole",
        "DatabaseName": "user_profile_metrics_incremental",
        "Targets": {
          "S3Targets": [
            {
              "Path.$": "$.params.voicecalls_s3",
              "Exclusions": [
                "metadata/*"
              ]
            }
          ]
        },
        "SchemaChangePolicy": {
          "UpdateBehavior": "LOG",
          "DeleteBehavior": "LOG"
        }
      },
      "Next": "StartPracticecallsCrawler",
      "ResultPath": "$.CreateVoicecallsCrawlerResult"
    },
    "StartPracticecallsCrawler": {
      "Type": "Task",
      "Resource": "arn:aws:states:::aws-sdk:glue:startCrawler",
      "Parameters": {
        "Name": "practicecalls-incremental-crawler"
      },
      "Next": "StartSubmissionsCrawler",
      "ResultPath": "$.StartPracticecallsCrawlerResult"
    },
    "StartSubmissionsCrawler": {
      "Type": "Task",
      "Resource": "arn:aws:states:::aws-sdk:glue:startCrawler",
      "Parameters": {
        "Name": "submissions-incremental-crawler"
      },
      "Next": "StartResourcesCrawler",
      "ResultPath": "$.StartSubmissionsCrawlerResult"
    },
    "StartResourcesCrawler": {
      "Type": "Task",
      "Resource": "arn:aws:states:::aws-sdk:glue:startCrawler",
      "Parameters": {
        "Name": "resources-incremental-crawler"
      },
      "Next": "StartVoicecallsCrawler",
      "ResultPath": "$.StartResourcesCrawlerResult"
    },
    "StartVoicecallsCrawler": {
      "Type": "Task",
      "Resource": "arn:aws:states:::aws-sdk:glue:startCrawler",
      "Parameters": {
        "Name": "voicecalls-incremental-crawler"
      },
      "Next": "WaitForCrawlersToFinish",
      "ResultPath": "$.StartVoicecallsCrawlerResult"
    },
    "WaitForCrawlersToFinish": {
      "Type": "Wait",
      "Seconds": 60,
      "Next": "CheckJobExists"
    },
    "CheckJobExists": {
      "Type": "Task",
      "Resource": "arn:aws:states:::aws-sdk:glue:getJob",
      "Parameters": {
        "JobName": "uexpertly_users_kpi_metrics_incremental"
      },
      "Next": "DetermineJobCreation",
      "ResultPath": "$.CheckJobResult",
      "Catch": [
        {
          "ErrorEquals": [
            "Glue.EntityNotFoundException"
          ],
          "Next": "RestoreParamsForGlueJob"
        }
      ]
    },
    "RestoreParamsForGlueJob": {
      "Type": "Pass",
      "Parameters": {
        "params.$": "$$.Execution.Input.params"
      },
      "ResultPath": "$",
      "Next": "CreateGlueJob"
    },
    "DetermineJobCreation": {
      "Type": "Choice",
      "Choices": [
        {
          "Variable": "$.CheckJobResult.Job.Name",
          "IsPresent": true,
          "Next": "StartJobRun"
        }
      ],
      "Default": "CreateGlueJob"
    },
    "CreateGlueJob": {
      "Type": "Task",
      "Resource": "arn:aws:states:::aws-sdk:glue:createJob",
      "Parameters": {
        "Name": "uexpertly_users_kpi_metrics_incremental",
        "Description": "KPI Glue Job with PostgreSQL upsert",
        "Role.$": "$.params.GlueJobRole",
        "Command": {
          "Name": "glueetl",
          "ScriptLocation.$": "$.params.scriptlocation",
          "PythonVersion": "3"
        },
        "DefaultArguments": {
          "--job-language": "python",
          "--enable-continuous-cloudwatch-log": "true",
          "--enable-metrics": ""
        },
        "GlueVersion": "5.0",
        "WorkerType": "G.1X",
        "NumberOfWorkers": 10,
        "Timeout": 2880
      },
      "Next": "StartJobRun",
      "ResultPath": "$.CreateJobResult"
    },
    "StartJobRun": {
      "Type": "Task",
      "Resource": "arn:aws:states:::aws-sdk:glue:startJobRun",
      "Parameters": {
        "JobName": "uexpertly_users_kpi_metrics_incremental",
        "Arguments.$": "$.params.arguments"
      },
      "Next": "WaitForJobCompletion",
      "ResultPath": "$.JobRun"
    },
    "WaitForJobCompletion": {
      "Type": "Task",
      "Resource": "arn:aws:states:::aws-sdk:glue:getJobRun",
      "Parameters": {
        "JobName": "uexpertly_users_kpi_metrics_incremental",
        "RunId.$": "$.JobRun.JobRunId"
      },
      "Next": "CheckJobStatus",
      "ResultPath": "$.JobStatus",
      "Retry": [
        {
          "ErrorEquals": [
            "Glue.JobRunNotFinished"
          ],
          "IntervalSeconds": 30,
          "MaxAttempts": 120,
          "BackoffRate": 1
        }
      ]
    },
    "CheckJobStatus": {
      "Type": "Choice",
      "Choices": [
        {
          "Variable": "$.JobStatus.JobRun.JobRunState",
          "StringEquals": "SUCCEEDED",
          "Next": "SucceedWorkflow"
        },
        {
          "Variable": "$.JobStatus.JobRun.JobRunState",
          "StringEquals": "FAILED",
          "Next": "FailWorkflow"
        }
      ],
      "Default": "WaitForJobCompletion"
    },
    "SucceedWorkflow": {
      "Type": "Succeed",
      "Comment": "Glue job completed successfully"
    },
    "FailWorkflow": {
      "Type": "Fail",
      "Error": "GlueJobFailed",
      "Comment": "Glue job execution failed"
    }
  }
}