{
  "params": {
    "GlueJobRole": "data-pipelines-role",
    "scriptlocation": "s3://uexpertly-data-pipelines-prod/uexpertly_users_kpi_incremental/scripts/uexpertly_users_kpi_incremental_script.py",
    "submissions_s3": "s3://uexpertly-data-lake-prod/submissions/",
    "practicecalls_s3": "s3://uexpertly-data-lake-prod/practicecalls/",
    "resources_s3": "s3://uexpertly-data-lake-prod/resources/",
    "voicecalls_s3": "s3://uexpertly-data-lake-prod/voicecalls_feedback/",
    "arguments": {
      "--input_config": {
        "glue_database": "user_profile_metrics_incremental",
        "submissions_table": "submissions",
        "practicecalls_table": "practicecalls",
        "resources_table": "resources",
        "voicecalls_table": "voicecalls_feedback",
        "submissions_metadata_bucket": "uexpertly-data-lake-prod",
        "submissions_metadata_key": "submissions/metadata/last_processed_timestamp.json",
        "practicecalls_metadata_bucket": "uexpertly-data-lake-prod",
        "practicecalls_metadata_key": "practicecalls/metadata/last_processed_timestamp.json",
        "resources_metadata_bucket": "uexpertly-data-lake-prod",
        "resources_metadata_key": "resources/metadata/last_processed_timestamp.json",
        "voicecalls_metadata_bucket": "uexpertly-data-lake-prod",
        "voicecalls_metadata_key": "voicecalls_feedback/metadata/last_processed_timestamp.json"
      },
      "--postgres_config": {
        "dbhost": "mock-speak-postgres.crezexdn3qor.us-east-1.rds.amazonaws.com",
        "dbport": "5432",
        "dbname": "postgres",
        "dbtable": "user_profile_metric",
        "staging_table": "user_profile_metric_staging"
      },
      "--secret_name": "uexpertly-postgres-secret-key",
      "--region_name": "us-east-1",
      "--additional-python-modules": "SQLAlchemy==1.4.49,psycopg2-binary"
    }
  }
}
