{
  "GlueJobRole": "data-pipelines-role",
  "scriptlocation": "s3://uexpertly-data-pipelines-prod/uexpertly_users_kpi/scripts/uexpertly_users_kpi_script.py",
  "input_config": {
    "practice_folder": "s3://uexpertly-data-lake-prod/practicecalls_historical/",
    "submission_folder": "s3://uexpertly-data-lake-prod/submissions_historical/",
    "resources_folder": "s3://uexpertly-data-lake-prod/resources_historical/",
    "voicecalls_folder": "s3://uexpertly-data-lake-prod/voicecalls_feedback_historical/"
  },
  "postgres_config": {
    "dbhost": "mock-speak-postgres.crezexdn3qor.us-east-1.rds.amazonaws.com",
    "dbport": "5432",
    "dbname": "postgres",
    "dbtable": "user_profile_metric",
    "write_mode": "overwrite",
    "truncate": true,
    "batchsize": 10000
  },
  "secret_name": "uexpertly-postgres-secret-key",
  "region_name": "us-east-1"
}

   