{
  "Comment": "AWS Step Function to run a Glue job (creates job only if it doesn't exist)",
  "StartAt": "CheckJobExists",
  "States": {
    "CheckJobExists": {
      "Type": "Task",
      "Resource": "arn:aws:states:::aws-sdk:glue:getJob",
      "Parameters": {
        "JobName": "uexpertly_users_kpi"
      },
      "ResultPath": "$.JobExistsCheck",
      "Next": "DetermineJobCreation",
      "Catch": [
        {
          "ErrorEquals": [
            "Glue.EntityNotFoundException"
          ],
          "Next": "CreateGlueJob",
          "ResultPath": null
        },
        {
          "ErrorEquals": [
            "States.ALL"
          ],
          "Next": "FailWorkflow",
          "ResultPath": "$.error"
        }
      ]
    },
    "DetermineJobCreation": {
      "Type": "Choice",
      "Choices": [
        {
          "Variable": "$.JobExistsCheck.Job.Name",
          "IsPresent": true,
          "Next": "StartJobRun"
        }
      ],
      "Default": "CreateGlueJob"
    },
    "CreateGlueJob": {
      "Type": "Task",
      "Resource": "arn:aws:states:::aws-sdk:glue:createJob",
      "Parameters": {
        "Name": "uexpertly_users_kpi",
        "Description": "Glue job created by Step Functions",
        "Role.$": "$.GlueJobRole",
        "Command": {
          "Name": "glueetl",
          "ScriptLocation.$": "$.scriptlocation",
          "PythonVersion": "3"
        },
        "DefaultArguments": {
          "--job-language": "python",
          "--enable-continuous-cloudwatch-log": "true",
          "--enable-metrics": ""
        },
        "GlueVersion": "5.0",
        "WorkerType": "G.1X",
        "NumberOfWorkers": 10,
        "Timeout": 2880
      },
      "ResultPath": "$.JobDetails",
      "Next": "StartJobRun",
      "Catch": [
        {
          "ErrorEquals": [
            "States.ALL"
          ],
          "Next": "FailWorkflow",
          "ResultPath": "$.error"
        }
      ]
    },
    "StartJobRun": {
      "Type": "Task",
      "Resource": "arn:aws:states:::aws-sdk:glue:startJobRun",
      "Parameters": {
        "JobName": "uexpertly_users_kpi",
        "Arguments": {
          "--input_config.$": "States.JsonToString($.input_config)",
          "--postgres_config.$": "States.JsonToString($.postgres_config)",
          "--secret_name.$": "$.secret_name",
          "--region_name.$": "$.region_name"
        }
      },
      "ResultPath": "$.JobRun",
      "Next": "WaitForJobCompletion",
      "Catch": [
        {
          "ErrorEquals": [
            "States.ALL"
          ],
          "Next": "FailWorkflow",
          "ResultPath": "$.error"
        }
      ]
    },
    "WaitForJobCompletion": {
      "Type": "Task",
      "Resource": "arn:aws:states:::aws-sdk:glue:getJobRun",
      "Parameters": {
        "JobName": "uexpertly_users_kpi",
        "RunId.$": "$.JobRun.JobRunId"
      },
      "ResultPath": "$.JobStatus",
      "Next": "CheckJobStatus",
      "Retry": [
        {
          "ErrorEquals": [
            "Glue.JobRunNotFinished"
          ],
          "IntervalSeconds": 30,
          "MaxAttempts": 120,
          "BackoffRate": 1
        }
      ],
      "Catch": [
        {
          "ErrorEquals": [
            "States.ALL"
          ],
          "Next": "FailWorkflow",
          "ResultPath": "$.error"
        }
      ]
    },
    "CheckJobStatus": {
      "Type": "Choice",
      "Choices": [
        {
          "Variable": "$.JobStatus.JobRun.JobRunState",
          "StringEquals": "SUCCEEDED",
          "Next": "SucceedWorkflow"
        },
        {
          "Variable": "$.JobStatus.JobRun.JobRunState",
          "StringEquals": "FAILED",
          "Next": "FailWorkflow"
        }
      ],
      "Default": "WaitForJobCompletion"
    },
    "SucceedWorkflow": {
      "Type": "Succeed",
      "Comment": "Glue job completed successfully"
    },
    "FailWorkflow": {
      "Type": "Fail",
      "Comment": "Glue job failed",
      "Cause": "Job execution failed",
      "Error": "GlueJobFailed"
    }
  }
}