{
  "ENV": "prod",

  "SCRIPT_KEY": "voicecalls_feedback_incremental/scripts/uexpertly_voicecalls_feedback_incremental_script.py",
  "ZIP_KEY": "voicecalls_feedback_incremental/scripts/uexpertly_voicecalls_feedback_incremental_etl_module_.zip",
  "STEP_FUNCTION_KEY": "voicecalls_feedback_incremental/scripts/uexpertly_voicecalls_feedback_incremental_step_function.json",
  "JOB_UPDATE_KEY": "voicecalls_feedback_incremental/scripts/uexpertly_voicecalls_feedback_incremental_job_create.json",

  "FEEDBACK_OUTPUT_PATH": "s3://uexpertly-data-lake-prod/voicecalls_feedback/",
  "SECRET_NAME": "rds!db-6a1ec39a-00b6-443c-afde-97b07d78a234",
  "DB_HOST": "mock-speak-postgres.crezexdn3qor.us-east-1.rds.amazonaws.com",
  "DB_PORT": "5432",
  "DB_NAME": "voicecall",
  "aws_region": "us-east-1",

  "STATE_MACHINE_NAME_PROD": "uexpertly_voicecalls_feedback_incremental_step_function",
  
  "GLUE_JOB_NAME_PROD": "uexpertly_voicecalls_feedback_incremental_glue_job",
  "GLUE_ROLE_ARN_PROD": "arn:aws:iam::840799296958:role/data-pipelines-role",

  "ATHENA_DB": "uexpertly",
  "DATA_LAKE_BUCKET": "uexpertly-data-lake-prod",
  "CRAWLER_NAME_PROD": "uexpertly_voicecalls_feedback_incremental_crawler",
  "GLUE_CRAWLER_ROLE_ARN_PROD": "arn:aws:iam::840799296958:role/data-pipelines-role",
  "ATHENA_TABLE_NAME_PROD": "voicecalls_feedback_historical",

  "JAR_KEY": "voicecalls_feedback_incremental/jars/postgresql-42.7.5.jar",
  "TEMP_DIR": "voicecalls_feedback_incremental/temp/",
  "S3_BUCKET_PROD": "uexpertly-data-pipelines-prod"
}
