{
  "jobName": "uexpertly_submissions_historical_glue",
  "jobRole": "arn:aws:iam::840799296958:role/data-pipelines-role",
  "scriptLocation": "s3://uexpertly-data-pipelines-prod/submissions_historical/scripts/uexpertly_submissions_historical_script.py",
  "secret_name": "uexpertly-postgres-secret-key",
  "aws_region": "us-east-1",
  "output_path": "s3a://uexpertly-data-lake-prod/submissions/",
  "source_table": "public.submission",
  "bucket_name": "uexpertly-data-lake-prod",
  "postgres_host": "mock-speak-postgres.crezexdn3qor.us-east-1.rds.amazonaws.com",
  "postgres_db": "postgres",
  "postgres_port": "5432",
  "maxCapacity": 10,
  "glueVersion": "5.0"
}