{
  "Comment": "A Step Function to create and run a Glue job with dynamic input parameters.",
  "StartAt": "InitializeGlueJob",
  "States": {
    "InitializeGlueJob": {
      "Type": "Task",
      "Resource": "arn:aws:states:::aws-sdk:glue:createJob",
      "Parameters": {
        "Name.$": "$.jobName",
        "Role.$": "$.jobRole",
        "Command": {
          "Name": "glueetl",
          "ScriptLocation.$": "$.scriptLocation"
        },
        "DefaultArguments": {
          "--secret_name.$": "$.secret_name",
          "--aws_region.$": "$.aws_region",
          "--output_path.$": "$.output_path",
          "--source_table.$": "$.source_table",
          "--bucket_name.$": "$.bucket_name",
          "--postgres_host.$":"$.postgres_host",
          "--postgres_db.$":"$.postgres_db",
          "--postgres_port.$":"$.postgres_port"
        },
        "MaxCapacity.$": "$.maxCapacity",
        "GlueVersion.$": "$.glueVersion"
      },
      "ResultPath": "$.createResult",
      "Next": "StartGlueJob"
    },
    "StartGlueJob": {
      "Type": "Task",
      "Resource": "arn:aws:states:::aws-sdk:glue:startJobRun",
      "Parameters": {
        "JobName.$": "$.jobName",
        "Arguments": {
          "--secret_name.$": "$.secret_name",
          "--aws_region.$": "$.aws_region",
          "--output_path.$": "$.output_path",
          "--source_table.$": "$.source_table",
          "--bucket_name.$": "$.bucket_name",
          "--postgres_host.$":"$.postgres_host",
          "--postgres_db.$":"$.postgres_db",
          "--postgres_port.$":"$.postgres_port"
        }
      },
      "ResultPath": "$.runResult",
      "Next": "WaitForGlueJob"
    },
    "WaitForGlueJob": {
      "Type": "Wait",
      "Seconds": 40,
      "Next": "CheckGlueJobStatus"
    },
    "CheckGlueJobStatus": {
      "Type": "Task",
      "Resource": "arn:aws:states:::aws-sdk:glue:getJobRun",
      "Parameters": {
        "JobName.$": "$.jobName",
        "RunId.$": "$.runResult.JobRunId"
      },
      "ResultPath": "$.jobStatus",
      "Next": "EvaluateGlueJobStatus"
    },
    "EvaluateGlueJobStatus": {
      "Type": "Choice",
      "Choices": [
        {
          "Variable": "$.jobStatus.JobRun.JobRunState",
          "StringEquals": "SUCCEEDED",
          "Next": "JobCompletedSuccessfully"
        },
        {
          "Variable": "$.jobStatus.JobRun.JobRunState",
          "StringEquals": "FAILED",
          "Next": "JobExecutionFailed"
        }
      ],
      "Default": "WaitForGlueJob"
    },
    "JobCompletedSuccessfully": {
      "Type": "Succeed"
    },
    "JobExecutionFailed": {
      "Type": "Fail",
      "Error": "GlueJobExecutionError",
      "Cause": "The Glue job has failed."
    }
  }
}