{
  "jobName": "uexpertly-submission-incremental-job",
  "jobRole": "arn:aws:iam::840799296958:role/data-pipelines-role",
  "scriptLocation": "s3://uexpertly-data-pipelines-prod/submissions_incremental/scripts/uexpertly_submissions_incremental_glue.py",
  "secret_name": "uexpertly-postgres-secret-key",
  "aws_region": "us-east-1",
  "destination_bucket": "s3://uexpertly-data-lake-prod/submissions/",
  "metadata_file_path": "s3://uexpertly-data-lake-prod/submissions/metadata/",
  "source_table": "submission",
  "bucket_name": "uexpertly-data-lake-prod",
  "metadata_key": "submissions/metadata/last_processed_timestamp.json",
  "maxCapacity": 10,
  "glueVersion": "5.0",
  "postgres_host": "mock-speak-postgres.crezexdn3qor.us-east-1.rds.amazonaws.com",
  "postgres_db": "postgres",
  "postgres_port": "5432"
} 