{
  "AWS_COGNITO_REGION": "us-east-1",
  "COGNITO_USER_POOL_ID": "us-east-1_huipnr9mj",
  "JobName": "uexpertly_users_historical",
  "ScriptLocation": "s3://uexpertly-data-pipelines-prod/users_historical/scripts/uexpertly_users_historical_script.py",
  "UserPoolId": "us-east-1_huipnr9mj",
  "OutputPath": "s3://uexpertly-data-lake-prod/users/",
  "TempDir": "s3://uexpertly-data-lake-prod/",
  "GlueRoleArn": "arn:aws:iam::840799296958:role/data-pipelines-role",
  "metadata_file_path": "s3://uexpertly-data-lake-prod/users/metadata/last_processed_timestamp.json",
  "metadata_key": "users/metadata/last_processed_timestamp.json",
  "bucket_name": "users"
}
