
{
  "Comment": "Create and Start AWS Glue Job (Fully Parameterized & Catch-safe)",
  "StartAt": "Check Job",
  "States": {
    "Check Job": {
      "Type": "Task",
      "Resource": "arn:aws:states:::aws-sdk:glue:getJob",
      "Parameters": {
        "JobName.$": "$.JobName"
      },
      "ResultPath": "$.CheckJobResult",
      "Catch": [
        {
          "ErrorEquals": [
            "Glue.EntityNotFoundException"
          ],
          "Next": "Create Glue Job",
          "ResultPath": "$.ErrorInfo"
        }
      ],
      "Next": "Start Glue Job"
    },
    "Create Glue Job": {
      "Type": "Task",
      "Resource": "arn:aws:states:::aws-sdk:glue:createJob",
      "Parameters": {
        "Name.$": "$.JobName",
        "Description": "This glue job reads latest data from Cognito User pool and upserts the data in S3 Data lake",
        "Role.$": "$.Role",
        "ExecutionProperty": {
          "MaxConcurrentRuns": 1
        },
        "Command": {
          "Name": "glueetl",
          "ScriptLocation.$": "$.ScriptLocation",
          "PythonVersion": "3"
        },
        "DefaultArguments": {
          "--region.$": "$.Region",
          "--user-pool-id.$": "$.UserPoolId",
          "--metadata-bucket.$": "$.MetadataBucket",
          "--metadata-key.$": "$.MetadataKey",
          "--output-path.$": "$.OutputPath",
          "--default-timestamp.$": "$.DefaultTimestamp",
          "--spark-event-logs-path.$": "$.SparkEventLogsPath",
          "--enable-metrics": "true",
          "--enable-spark-ui": "true",
          "--enable-job-insights": "true",
          "--enable-observability-metrics": "true",
          "--enable-continuous-cloudwatch-log": "true",
          "--enable-glue-datacatalog": "true",
          "--job-language": "python",
          "--TempDir.$": "$.TempDir",
          "--job-bookmark-option": "job-bookmark-disable"
        },
        "GlueVersion": "5.0",
        "WorkerType": "G.1X",
        "NumberOfWorkers": 10,
        "MaxRetries": 0,
        "Timeout": 480
      },
      "ResultPath": "$.createResult",
      "Next": "Start Glue Job"
    },
    "Start Glue Job": {
      "Type": "Task",
      "Resource": "arn:aws:states:::aws-sdk:glue:startJobRun",
      "Parameters": {
        "JobName.$": "$.JobName",
        "Arguments": {
          "--region.$": "$.Region",
          "--user-pool-id.$": "$.UserPoolId",
          "--metadata-bucket.$": "$.MetadataBucket",
          "--metadata-key.$": "$.MetadataKey",
          "--output-path.$": "$.OutputPath",
          "--default-timestamp.$": "$.DefaultTimestamp",
          "--spark-event-logs-path.$": "$.SparkEventLogsPath",
          "--enable-metrics": "true",
          "--enable-spark-ui": "true",
          "--enable-job-insights": "true",
          "--enable-observability-metrics": "true",
          "--enable-continuous-cloudwatch-log": "true",
          "--enable-glue-datacatalog": "true",
          "--job-language": "python",
          "--TempDir.$": "$.TempDir",
          "--job-bookmark-option": "job-bookmark-disable"
        }
      },
      "ResultPath": "$.runResult",
      "Next": "WaitForGlueJob"
    },
    "WaitForGlueJob": {
      "Type": "Wait",
      "Seconds": 180,
      "Next": "CheckGlueJobStatus"
    },
    "CheckGlueJobStatus": {
      "Type": "Task",
      "Resource": "arn:aws:states:::aws-sdk:glue:getJobRun",
      "Parameters": {
        "JobName.$": "$.JobName",
        "RunId.$": "$.runResult.JobRunId"
      },
      "ResultPath": "$.jobStatus",
      "Next": "EvaluateGlueJobStatus"
    },
    "EvaluateGlueJobStatus": {
      "Type": "Choice",
      "Choices": [
        {
          "Variable": "$.jobStatus.JobRun.JobRunState",
          "StringEquals": "SUCCEEDED",
          "Next": "JobCompletedSuccessfully"
        },
        {
          "Variable": "$.jobStatus.JobRun.JobRunState",
          "StringEquals": "FAILED",
          "Next": "JobExecutionFailed"
        }
      ],
      "Default": "WaitForGlueJob"
    },
    "JobCompletedSuccessfully": {
      "Type": "Succeed"
    },
    "JobExecutionFailed": {
      "Type": "Fail",
      "Error": "GlueJobExecutionError",
      "Cause": "The Glue job has failed."
    }
  }
}