{
  "Comment": "Create and Start Glue Job for Cognito-to-S3",
  "StartAt": "Check Job",
  "States": {
    "Check Job": {
      "Type": "Task",
      "Resource": "arn:aws:states:::aws-sdk:glue:getJob",
      "Parameters": {
        "JobName.$": "$.JobName"
      },
      "ResultPath": "$.CheckJobResult",
      "Catch": [
        {
          "ErrorEquals": [
            "Glue.EntityNotFoundException"
          ],
          "Next": "Create Glue Job",
          "ResultPath": "$.ErrorInfo"
        }
      ],
      "Next": "Start Glue Job"
    },
    "Create Glue Job": {
      "Type": "Task",
      "Resource": "arn:aws:states:::aws-sdk:glue:createJob",
      "Parameters": {
        "Name.$": "$.JobName",
        "Description": "This job loads Cognito data into S3",
        "Role.$": "$.GlueRoleArn",
        "ExecutionProperty": {
          "MaxConcurrentRuns": 1
        },
        "Command": {
          "Name": "glueetl",
          "ScriptLocation.$": "$.ScriptLocation",
          "PythonVersion": "3"
        },
        "DefaultArguments": {
          "--scriptLocation.$": "$.ScriptLocation",
          "--COGNITO_USER_POOL_ID.$": "$.UserPoolId",
          "--AWS_COGNITO_REGION.$": "$.AWS_COGNITO_REGION",
          "--output_path.$": "$.OutputPath",
          "--TempDir.$": "$.TempDir",
          "--enable-metrics": "true",
          "--enable-spark-ui": "true",
          "--enable-glue-datacatalog": "true",
          "--job-language": "python",
          "--job-bookmark-option": "job-bookmark-disable"
        },
        "GlueVersion": "5.0",
        "WorkerType": "G.1X",
        "NumberOfWorkers": 10,
        "MaxRetries": 0,
        "Timeout": 480
      },
      "ResultPath": "$.CreateJobResult",
      "Next": "Start Glue Job"
    },
    "Start Glue Job": {
      "Type": "Task",
      "Resource": "arn:aws:states:::aws-sdk:glue:startJobRun",
      "Parameters": {
        "JobName.$": "$.JobName",
        "Arguments": {
          "--scriptLocation.$": "$.ScriptLocation",
          "--COGNITO_USER_POOL_ID.$": "$.UserPoolId",
          "--AWS_COGNITO_REGION.$": "$.AWS_COGNITO_REGION",
          "--output_path.$": "$.OutputPath",
          "--TempDir.$": "$.TempDir",
          "--enable-metrics": "true",
          "--enable-spark-ui": "true",
          "--enable-glue-datacatalog": "true",
          "--job-language": "python",
          "--job-bookmark-option": "job-bookmark-disable"
        }
      },
      "ResultPath": "$.StartJobResult",
      "Next": "Wait for Job"
    },
    "Wait for Job": {
      "Type": "Wait",
      "Seconds": 180,
      "Next": "Check Job Status"
    },
    "Check Job Status": {
      "Type": "Task",
      "Resource": "arn:aws:states:::aws-sdk:glue:getJobRun",
      "Parameters": {
        "JobName.$": "$.JobName",
        "RunId.$": "$.StartJobResult.JobRunId"
      },
      "ResultPath": "$.JobStatus",
      "Next": "Evaluate Job Status"
    },
    "Evaluate Job Status": {
      "Type": "Choice",
      "Choices": [
        {
          "Variable": "$.JobStatus.JobRun.JobRunState",
          "StringEquals": "SUCCEEDED",
          "Next": "Job Success"
        },
        {
          "Variable": "$.JobStatus.JobRun.JobRunState",
          "StringEquals": "FAILED",
          "Next": "Job Failed"
        }
      ],
      "Default": "Wait for Job"
    },
    "Job Success": {
      "Type": "Succeed"
    },
    "Job Failed": {
      "Type": "Fail",
      "Error": "GlueJobFailed",
      "Cause": "The Glue job failed to complete successfully."
    }
  }
}