{
  "JobName": "uexpertly_users_incremental_glue_job",
  "Role": "data-pipelines-role",
  "ScriptLocation": "s3a://uexpertly-data-pipelines-prod/users_incremental/scripts/uexpertly_users_incremental_script.py",
  "Region": "us-east-1",
  "UserPoolId": "us-east-1_huipnr9mj",
  "MetadataBucket": "uexpertly-data-lake-prod",
  "MetadataKey": "users_incremental/metadata/users_last_modified_date_time.txt",
  "OutputPath": "s3a://uexpertly-data-lake-prod/users_incremental/target/",
  "DefaultTimestamp": "1900-01-01T00:00:00.000000+00:00",
  "SparkEventLogsPath": "s3a://uexpertly-data-lake-prod/users_incremental/logs/",
  "TempDir": "s3a://uexpertly-data-lake-prod/users_incremental/logs/temp/"
}